,note,typename,subcategory,date,energifyn,fjernvarme,geodanmark,kortopslag,samaqua,geometry,label,id
0,Totalstation,Downspout Grille,,13/12/2020,,,,,,"Point;[587670.4376],[6139561.332]",Downspout Grille,0
1,Totalstation,Downspout Grille,,13/12/2020,,,,,,"Point;[587668.1952],[6139556.027]",Downspout Grille,1
2,Totalstation,Downspout Grille,,13/12/2020,,,,,,"Point;[587682.1708],[6139550.48]",Downspout Grille,2
3,Totalstation,Downspout Grille,,13/12/2020,,,1034131762,,,"Point;[587683.8239],[6139555.949]",Downspout Grille,3
4,Totalstation,Downspout Grille,,13/12/2020,,,,,,"Point;[587700.4111],[6139551.951]",Downspout Grille,4
5,Totalstation,Downspout Grille,,13/12/2020,,,,,,"Point;[587699.3154],[6139546.487]",Downspout Grille,5
6,Totalstation,Downspout Grille,,13/12/2020,,,1034131761,,,"Point;[587692.5801],[6139542.113]",Downspout Grille,6
7,Totalstation,Downspout Grille,,13/12/2020,,,,,,"Point;[587690.1571],[6139548.266]",Downspout Grille,7
8,Totalstation,Downspout Grille,,13/12/2020,,,,,,"Point;[587674.166],[6139563.572]",Downspout Grille,8
9,Totalstation,Downspout Grille,,13/12/2020,,,,,,"Point;[587656.4861],[6139569.078]",Downspout Grille,9
10,Totalstation,Downspout Grille,,13/12/2020,,,,,,"Point;[587653.5418],[6139564.112]",Downspout Grille,10
11,Totalstation,Downspout Grille,,13/12/2020,,,,,,"Point;[587642.1122],[6139570.973]",Downspout Grille,11
12,Totalstation,Downspout Grille,,13/12/2020,,,,,,"Point;[587645.2937],[6139576.088]",Downspout Grille,12
13,Totalstation,Downspout Grille,,13/12/2020,,,,,,"Point;[587630.2162],[6139585.154]",Downspout Grille,13
14,Totalstation,Downspout Grille,,13/12/2020,,,,,,"Point;[587627.0791],[6139580.166]",Downspout Grille,14
15,Totalstation,Downspout Grille,,13/12/2020,,,1034131981,,,"Point;[587670.1498],[6139565.885]",Downspout Grille,15
16,Totalstation,Light Fixture,,13/12/2020,45519,,,,,"Point;[587705.4087],[6139552.461]",Light Fixture,16
17,Totalstation,Light Fixture,,13/12/2020,38596,,,,,"Point;[587703.1415],[6139549.495]",Light Fixture,17
18,Totalstation,Light Fixture,,13/12/2020,45520,,1034131743,,,"Point;[587680.1761],[6139558.291]",Light Fixture,18
19,Totalstation,Light Fixture,,13/12/2020,45525,,,,,"Point;[587679.4043],[6139555.284]",Light Fixture,19
20,Totalstation,Light Fixture,,13/12/2020,18652,,,,,"Point;[587662.5281],[6139566.451]",Light Fixture,20
21,Totalstation,Light Fixture,,13/12/2020,45524,,,,,"Point;[587654.183],[6139566.603]",Light Fixture,21
22,Totalstation,Light Fixture,,13/12/2020,45521,,,,,"Point;[587649.9483],[6139564.409]",Light Fixture,22
23,Totalstation,Light Fixture,,13/12/2020,45523,,,,,"Point;[587635.3198],[6139578.697]",Light Fixture,23
24,Totalstation,Tree,,13/12/2020,,,,,,"Point;[587641.6172],[6139570.173]",Tree,24
25,Totalstation,Tree,,13/12/2020,,,,,,"Point;[587652.0298],[6139563.04]",Tree,25
26,Totalstation,Greenery,,13/12/2020,,,,,,"Point;[587690.4949],[6139548.769]",Greenery,26
27,Totalstation,Greenery,,13/12/2020,,,,,,"Point;[587696.4901],[6139554.032]",Greenery,27
28,Totalstation,Manhole Cover,,13/12/2020,,,1034131769,,,"Point;[587699.9079],[6139550.133]",Manhole Cover,28
29,Totalstation,Manhole Cover,,13/12/2020,,,,,,"Point;[587691.6439],[6139544.163]",Manhole Cover,29
30,Totalstation,Manhole Cover,,13/12/2020,,,,,,"Point;[587690.3879],[6139545.076]",Manhole Cover,30
31,Totalstation,Manhole Cover,,13/12/2020,,,,,,"Point;[587681.8102],[6139549.25]",Manhole Cover,31
32,Totalstation,Manhole Cover,,13/12/2020,,,,,,"Point;[587669.912],[6139551.801]",Manhole Cover,32
33,Totalstation,Manhole Cover,,13/12/2020,,,,,,"Point;[587661.1733],[6139555.616]",Manhole Cover,33
34,Totalstation,Manhole Cover,,13/12/2020,,,1034131768,,,"Point;[587656.9938],[6139565.003]",Manhole Cover,34
35,Totalstation,Manhole Cover,,13/12/2020,,,,,,"Point;[587650.3457],[6139564.407]",Manhole Cover,35
36,Totalstation,Manhole Cover,,13/12/2020,,,,,,"Point;[587650.6697],[6139561.484]",Manhole Cover,36
37,Totalstation,Manhole Cover,,13/12/2020,,,,,,"Point;[587642.6334],[6139566.544]",Manhole Cover,37
38,Totalstation,Manhole Cover,,13/12/2020,,,1034131767,,,"Point;[587636.928],[6139580.112]",Manhole Cover,38
39,Totalstation,Manhole Cover,,13/12/2020,,,1034131766,,,"Point;[587634.0018],[6139582.804]",Manhole Cover,39
40,Totalstation,Manhole Cover,,13/12/2020,,,,,,"Point;[587620.8675],[6139590.061]",Manhole Cover,40
41,Totalstation,Manhole Cover,,13/12/2020,,,,,,"Point;[587626.0803],[6139580.975]",Manhole Cover,42
42,Totalstation,Manhole Cover,,13/12/2020,,,,,,"Point;[587655.6352],[6139570.756]",Manhole Cover,43
43,Totalstation,Manhole Cover,,13/12/2020,,,,,,"Point;[587658.7572],[6139570.999]",Manhole Cover,44
44,Totalstation,Manhole Cover,,13/12/2020,,,,,,"Point;[587681.1648],[6139561.003]",Manhole Cover,45
45,Totalstation,Misc,Electrical display,13/12/2020,,,,,,"Point;[587688.7029],[6139548.071]",Misc,46
46,Totalstation,Downspout Grille,,13/12/2020,,,,,,"Point;[587609.7134],[6139576.379]",Downspout Grille,48
47,Totalstation,Downspout Grille,,13/12/2020,,,,,,"Point;[587610.0482],[6139573.22]",Downspout Grille,49
48,Totalstation,Downspout Grille,,13/12/2020,,,,,,"Point;[587600.1849],[6139573.805]",Downspout Grille,50
49,Totalstation,Downspout Grille,,13/12/2020,,,,,,"Point;[587590.5097],[6139571.24]",Downspout Grille,51
50,Totalstation,Downspout Grille,,13/12/2020,,,,,,"Point;[587577.6432],[6139567.388]",Downspout Grille,52
51,Totalstation,Downspout Grille,,13/12/2020,,,,,,"Point;[587566.1626],[6139564.007]",Downspout Grille,53
52,Totalstation,Downspout Grille,,13/12/2020,,,,,,"Point;[587555.1941],[6139560.126]",Downspout Grille,54
53,Totalstation,Downspout Grille,,13/12/2020,,,,,,"Point;[587545.713],[6139556.835]",Downspout Grille,55
54,Totalstation,Downspout Grille,,13/12/2020,,,,,,"Point;[587533.9251],[6139552.518]",Downspout Grille,56
55,Totalstation,Downspout Grille,,13/12/2020,,,,,,"Point;[587524.0076],[6139549.089]",Downspout Grille,57
56,Totalstation,Downspout Grille,,13/12/2020,,,,,,"Point;[587528.3306],[6139552.957]",Downspout Grille,58
57,Totalstation,Downspout Grille,,13/12/2020,,,1034131618,,,"Point;[587544.437],[6139557.959]",Downspout Grille,59
58,Totalstation,Downspout Grille,,13/12/2020,,,,,,"Point;[587555.1854],[6139562.027]",Downspout Grille,60
59,Totalstation,Downspout Grille,,13/12/2020,,,,,,"Point;[587571.881],[6139568.253]",Downspout Grille,61
60,Totalstation,Downspout Grille,,13/12/2020,,,,,,"Point;[587584.3441],[6139572.792]",Downspout Grille,62
61,Totalstation,Downspout Grille,,13/12/2020,,,,,,"Point;[587596.1171],[6139577.327]",Downspout Grille,63
62,Totalstation,Downspout Grille,,13/12/2020,,,,,,"Point;[587609.6672],[6139582.105]",Downspout Grille,64
63,Totalstation,Downspout Grille,,13/12/2020,,,,,,"Point;[587607.4641],[6139588.064]",Downspout Grille,65
64,Totalstation,Downspout Grille,,13/12/2020,,,,,,"Point;[587590.4577],[6139581.745]",Downspout Grille,66
65,Totalstation,Downspout Grille,,13/12/2020,,,,,,"Point;[587573.6472],[6139575.439]",Downspout Grille,67
66,Totalstation,Downspout Grille,,13/12/2020,,,,,,"Point;[587559.5428],[6139570.196]",Downspout Grille,68
67,Totalstation,Downspout Grille,,13/12/2020,,,,,,"Point;[587545.4505],[6139564.978]",Downspout Grille,69
68,Totalstation,Downspout Grille,,13/12/2020,,,,,,"Point;[587525.5673],[6139557.837]",Downspout Grille,70
69,Totalstation,Downspout Grille,,13/12/2020,,,,,,"Point;[587524.1158],[6139561.373]",Downspout Grille,71
70,Totalstation,Downspout Grille,,13/12/2020,,,,,,"Point;[587534.3852],[6139564.721]",Downspout Grille,72
71,Totalstation,Downspout Grille,,13/12/2020,,,,,,"Point;[587545.2459],[6139568.276]",Downspout Grille,73
72,Totalstation,Downspout Grille,,13/12/2020,,,,,,"Point;[587550.15],[6139570.287]",Downspout Grille,74
73,Totalstation,Downspout Grille,,13/12/2020,,,,,,"Point;[587555.3268],[6139571.879]",Downspout Grille,75
74,Totalstation,Downspout Grille,,13/12/2020,,,,,,"Point;[587567.6182],[6139576.304]",Downspout Grille,76
75,Totalstation,Downspout Grille,,13/12/2020,,,,,,"Point;[587579.7505],[6139580.596]",Downspout Grille,77
76,Totalstation,Downspout Grille,,13/12/2020,,,,,,"Point;[587589.1068],[6139583.932]",Downspout Grille,78
77,Totalstation,Downspout Grille,,13/12/2020,,,,,,"Point;[587607.0195],[6139590.396]",Downspout Grille,79
78,Totalstation,Downspout Grille,,13/12/2020,,,,,,"Point;[587609.228],[6139595.796]",Downspout Grille,80
79,Totalstation,Downspout Grille,,13/12/2020,,,,,,"Point;[587601.2855],[6139613.166]",Downspout Grille,81
80,Totalstation,Downspout Grille,,13/12/2020,,,,,,"Point;[587569.2221],[6139669.905]",Downspout Grille,82
81,Totalstation,Downspout Grille,,13/12/2020,,,,,,"Point;[587564.4452],[6139680.66]",Downspout Grille,83
82,Totalstation,Downspout Grille,,13/12/2020,,,,,,"Point;[587570.6087],[6139670.344]",Downspout Grille,84
83,Totalstation,Downspout Grille,,13/12/2020,,,,,,"Point;[587575.374],[6139665.492]",Downspout Grille,85
84,Totalstation,Downspout Grille,,13/12/2020,,,,,,"Point;[587579.7814],[6139658.143]",Downspout Grille,86
85,Totalstation,Downspout Grille,,13/12/2020,,,,,,"Point;[587584.8845],[6139648.543]",Downspout Grille,87
86,Totalstation,Downspout Grille,,13/12/2020,,,,,,"Point;[587586.6068],[6139639.807]",Downspout Grille,88
87,Totalstation,Downspout Grille,,13/12/2020,,,,,,"Point;[587593.8879],[6139629.444]",Downspout Grille,89
88,Totalstation,Downspout Grille,,13/12/2020,,,,,,"Point;[587603.8774],[6139615.28]",Downspout Grille,90
89,Totalstation,Downspout Grille,,13/12/2020,,,,,,"Point;[587606.5745],[6139607.698]",Downspout Grille,91
90,Totalstation,Downspout Grille,,13/12/2020,,,,,,"Point;[587613.2413],[6139603.678]",Downspout Grille,92
91,Totalstation,Downspout Grille,,13/12/2020,,,,,,"Point;[587607.545],[6139616.961]",Downspout Grille,93
92,Totalstation,Downspout Grille,,13/12/2020,,,,,,"Point;[587597.5707],[6139631.055]",Downspout Grille,94
93,Totalstation,Downspout Grille,,13/12/2020,,,,,,"Point;[587593.3673],[6139638.326]",Downspout Grille,95
94,Totalstation,Downspout Grille,,13/12/2020,,,,,,"Point;[587587.2226],[6139652.444]",Downspout Grille,96
95,Totalstation,Downspout Grille,,13/12/2020,,,,,,"Point;[587581.4691],[6139662.65]",Downspout Grille,97
96,Totalstation,Downspout Grille,,13/12/2020,,,,,,"Point;[587575.7441],[6139671.896]",Downspout Grille,98
97,Totalstation,Downspout Grille,,13/12/2020,,,,,,"Point;[587569.8334],[6139680.071]",Downspout Grille,99
98,Totalstation,Downspout Grille,,13/12/2020,,,,,,"Point;[587619.3245],[6139600.377]",Downspout Grille,100
99,Totalstation,Downspout Grille,,13/12/2020,,,,,,"Point;[587693.0314],[6139641.388]",Downspout Grille,101
100,Totalstation,Downspout Grille,,13/12/2020,,,,,,"Point;[587700.6011],[6139647.742]",Downspout Grille,102
101,Totalstation,Downspout Grille,,13/12/2020,,,,,,"Point;[587685.4247],[6139635.965]",Downspout Grille,103
102,Totalstation,Downspout Grille,,13/12/2020,,,,,,"Point;[587677.3353],[6139630.347]",Downspout Grille,104
103,Totalstation,Downspout Grille,,13/12/2020,,,,,,"Point;[587669.1652],[6139625.522]",Downspout Grille,105
104,Totalstation,Downspout Grille,,13/12/2020,,,,,,"Point;[587658.9391],[6139618.78]",Downspout Grille,106
105,Totalstation,Downspout Grille,,13/12/2020,,,,,,"Point;[587652.5536],[6139614.584]",Downspout Grille,107
106,Totalstation,Downspout Grille,,13/12/2020,,,,,,"Point;[587647.2037],[6139609.727]",Downspout Grille,108
107,Totalstation,Downspout Grille,,13/12/2020,,,,,,"Point;[587636.0881],[6139602.421]",Downspout Grille,109
108,Totalstation,Downspout Grille,,13/12/2020,,,,,,"Point;[587625.5503],[6139595.458]",Downspout Grille,110
109,Totalstation,Downspout Grille,,13/12/2020,,,,,,"Point;[587633.5995],[6139595.08]",Downspout Grille,111
110,Totalstation,Downspout Grille,,13/12/2020,,,,,,"Point;[587638.0835],[6139599.137]",Downspout Grille,112
111,Totalstation,Downspout Grille,,13/12/2020,,,1034131734,,,"Point;[587649.2953],[6139606.511]",Downspout Grille,113
112,Totalstation,Downspout Grille,,13/12/2020,,,,,,"Point;[587661.7014],[6139614.684]",Downspout Grille,114
113,Totalstation,Downspout Grille,,13/12/2020,,,,,,"Point;[587670.7851],[6139619.378]",Downspout Grille,115
114,Totalstation,Downspout Grille,,13/12/2020,,,,,,"Point;[587671.9313],[6139621.416]",Downspout Grille,116
115,Totalstation,Downspout Grille,,13/12/2020,,,,,,"Point;[587680.0144],[6139626.759]",Downspout Grille,117
116,Totalstation,Downspout Grille,,13/12/2020,,,1034131735,,,"Point;[587690.1059],[6139633.401]",Downspout Grille,118
117,Totalstation,Downspout Grille,,13/12/2020,,,,,,"Point;[587697.986],[6139639.262]",Downspout Grille,119
118,Totalstation,Downspout Grille,,13/12/2020,,,,,,"Point;[587710.8197],[6139651.546]",Downspout Grille,120
119,Totalstation,Tree,,13/12/2020,,,1034116583,,,"Point;[587610.3878],[6139590.646]",Tree,121
120,Totalstation,Tree,,13/12/2020,,,,,,"Point;[587604.9432],[6139578.663]",Tree,122
121,Totalstation,Tree,,13/12/2020,,,,,,"Point;[587599.5178],[6139576.579]",Tree,123
122,Totalstation,Tree,,13/12/2020,,,,,,"Point;[587593.8638],[6139574.398]",Tree,124
123,Totalstation,Tree,,13/12/2020,,,,,,"Point;[587588.1311],[6139572.313]",Tree,125
124,Totalstation,Tree,,13/12/2020,,,,,,"Point;[587582.473],[6139570.127]",Tree,126
125,Totalstation,Tree,,13/12/2020,,,1034116808,,,"Point;[587569.9307],[6139576.039]",Tree,127
126,Totalstation,Tree,,13/12/2020,,,1034116807,,,"Point;[587564.5044],[6139574.094]",Tree,128
127,Totalstation,Tree,,13/12/2020,,,,,,"Point;[587559.1656],[6139572.068]",Tree,129
128,Totalstation,Tree,,13/12/2020,,,,,,"Point;[587553.2454],[6139569.704]",Tree,130
129,Totalstation,Tree,,13/12/2020,,,1034116806,,,"Point;[587547.7646],[6139567.834]",Tree,131
130,Totalstation,Tree,,13/12/2020,,,1034116576,,,"Point;[587526.4427],[6139560.572]",Tree,132
131,Totalstation,Tree,,13/12/2020,,,1034116577,,,"Point;[587525.4824],[6139550.883]",Tree,133
132,Totalstation,Tree,,13/12/2020,,,1034116584,,,"Point;[587620.4445],[6139595.921]",Tree,134
133,Totalstation,Tree,,13/12/2020,,,1034132305,,,"Point;[587604.6618],[6139611.665]",Tree,135
134,Totalstation,Tree,,13/12/2020,,,1034116585,,,"Point;[587602.501],[6139624.089]",Tree,136
135,Totalstation,Tree,,13/12/2020,,,1034116586,,,"Point;[587594.0253],[6139638.511]",Tree,137
136,Totalstation,Tree,,13/12/2020,,,1034116587,,,"Point;[587577.5671],[6139658.49]",Tree,138
137,Totalstation,Tree,,13/12/2020,,,1034116588,,,"Point;[587573.3657],[6139676.055]",Tree,139
138,Totalstation,Light Fixture,,13/12/2020,45574,,,,,"Point;[587618.4847],[6139588.842]",Light Fixture,140
139,Totalstation,Light Fixture,,13/12/2020,18648,,,,,"Point;[587606.624],[6139589.182]",Light Fixture,141
140,Totalstation,Light Fixture,,13/12/2020,45556,,,,,"Point;[587609.6094],[6139580.505]",Light Fixture,142
141,Totalstation,Light Fixture,,13/12/2020,45573,,,,,"Point;[587596.2882],[6139579.59]",Light Fixture,143
142,Totalstation,Light Fixture,,13/12/2020,45572,,,,,"Point;[587573.9342],[6139572.162]",Light Fixture,144
143,Totalstation,Light Fixture,,13/12/2020,45557,,1034131608,,,"Point;[587574.0289],[6139577.053]",Light Fixture,145
144,Totalstation,Light Fixture,,13/12/2020,18802,,,,,"Point;[587572.5137],[6139567.719]",Light Fixture,146
145,Totalstation,Light Fixture,,13/12/2020,24970,,,,,"Point;[587552.2722],[6139564.856]",Light Fixture,147
146,Totalstation,Light Fixture,,13/12/2020,45558,,,,,"Point;[587543.803],[6139565.89]",Light Fixture,148
147,Totalstation,Light Fixture,,13/12/2020,45571,,,,,"Point;[587530.9086],[6139557.132]",Light Fixture,149
148,Totalstation,Light Fixture,,13/12/2020,45563,,1034131742,,,"Point;[587617.5487],[6139598.963]",Light Fixture,150
149,Totalstation,Light Fixture,,13/12/2020,45704,,,,,"Point;[587612.1687],[6139601.64]",Light Fixture,151
150,Totalstation,Light Fixture,,13/12/2020,45690,,,,,"Point;[587603.7652],[6139613.258]",Light Fixture,152
151,Totalstation,Light Fixture,,13/12/2020,45691,,,,,"Point;[587601.0695],[6139627.789]",Light Fixture,153
152,Totalstation,Light Fixture,,13/12/2020,15859,,1034131983,,,"Point;[587576.9149],[6139659.572]",Light Fixture,154
153,Totalstation,Light Fixture,,13/12/2020,45692,,,,,"Point;[587572.4067],[6139677.83]",Light Fixture,155
154,Totalstation,Light Fixture,,13/12/2020,45707,,,,,"Point;[587570.8716],[6139674.524]",Light Fixture,156
155,Totalstation,Light Fixture,,13/12/2020,45706,,,,,"Point;[587585.2353],[6139649.495]",Light Fixture,157
156,Totalstation,Light Fixture,,18/12/2020,45705,,,,,"Point;[587599.0965],[6139624.995]",Light Fixture,158
157,Totalstation,Light Fixture,,18/12/2020,45575,,,,,"Point;[587642.4764],[6139604.375]",Light Fixture,159
158,Totalstation,Light Fixture,,18/12/2020,45576,,,,,"Point;[587667.3652],[6139620.805]",Light Fixture,160
159,Totalstation,Light Fixture,,18/12/2020,45577,,,,,"Point;[587690.0106],[6139636.464]",Light Fixture,161
160,Totalstation,Light Fixture,,18/12/2020,45522,,1034131741,,,"Point;[587630.1655],[6139588.285]",Light Fixture,162
161,Totalstation,Manhole Cover,Large,18/12/2020,,,,,,"Point;[587618.5122],[6139590.515]",Manhole Cover,163
162,Totalstation,Manhole Cover,Large,18/12/2020,,,,,,"Point;[587619.1865],[6139595.327]",Manhole Cover,164
163,Totalstation,Manhole Cover,Large,18/12/2020,,,,,,"Point;[587632.9554],[6139596.171]",Manhole Cover,165
164,Totalstation,Manhole Cover,Large,18/12/2020,,,,,,"Point;[587692.7456],[6139637.497]",Manhole Cover,166
165,Totalstation,Manhole Cover,Large,18/12/2020,,,,,,"Point;[587667.1474],[6139622.887]",Manhole Cover,167
166,Totalstation,Manhole Cover,Large,18/12/2020,,,,,,"Point;[587657.4866],[6139616.306]",Manhole Cover,168
167,Totalstation,Manhole Cover,Large,18/12/2020,,,,,,"Point;[587613.7071],[6139593.451]",Manhole Cover,169
168,Totalstation,Manhole Cover,Large,18/12/2020,,,,,,"Point;[587602.1779],[6139588.65]",Manhole Cover,170
169,Totalstation,Manhole Cover,Large,18/12/2020,,,,,,"Point;[587593.8889],[6139584.923]",Manhole Cover,171
170,Totalstation,Manhole Cover,Large,18/12/2020,,,,,,"Point;[587566.8511],[6139572.089]",Manhole Cover,172
171,Totalstation,Manhole Cover,Large,18/12/2020,,,,,,"Point;[587523.312],[6139556.82]",Manhole Cover,173
172,Totalstation,Manhole Cover,Large,18/12/2020,,,,,,"Point;[587542.2081],[6139560.625]",Manhole Cover,174
173,Totalstation,Manhole Cover,Large,18/12/2020,,,,,,"Point;[587567.4877],[6139569.499]",Manhole Cover,175
174,Totalstation,Manhole Cover,Large,18/12/2020,,,,,,"Point;[587614.5834],[6139582.933]",Manhole Cover,176
175,Totalstation,Manhole Cover,Large,18/12/2020,,,,,,"Point;[587615.3729],[6139583.494]",Manhole Cover,177
176,Totalstation,Manhole Cover,Large,18/12/2020,,,,,,"Point;[587618.5846],[6139577.666]",Manhole Cover,178
177,Totalstation,Trash Can,,18/12/2020,,,,,,"Point;[587630.6333],[6139589.25]",Trash Can,179
178,Totalstation,Trash Can,,18/12/2020,,,,,,"Point;[587668.0735],[6139618.215]",Trash Can,180
179,Totalstation,Trash Can,,18/12/2020,,,,,,"Point;[587596.2174],[6139635.36]",Trash Can,181
180,Totalstation,Trash Can,,18/12/2020,,,,,,"Point;[587573.1086],[6139677.407]",Trash Can,182
181,Totalstation,Trash Can,,18/12/2020,,,,,,"Point;[587574.7255],[6139664.058]",Trash Can,183
182,Totalstation,Trash Can,,18/12/2020,,,,,,"Point;[587603.3202],[6139588.047]",Trash Can,184
183,Totalstation,Trash Can,,18/12/2020,,,,,,"Point;[587551.7001],[6139569.855]",Trash Can,185
184,Totalstation,Trash Can,,18/12/2020,,,,,,"Point;[587595.1548],[6139575.096]",Trash Can,186
185,Totalstation,Bench,,18/12/2020,,,,,,"Point;[587631.0719],[6139590.803]",Bench,187
186,Totalstation,Bench,,18/12/2020,,,,,,"Point;[587610.9961],[6139597.584]",Bench,188
187,Totalstation,Bench,,18/12/2020,,,,,,"Point;[587601.9781],[6139614.665]",Bench,189
188,Totalstation,Bench,,18/12/2020,,,,,,"Point;[587595.3554],[6139636.633]",Bench,190
189,Totalstation,Bench,,18/12/2020,,,,,,"Point;[587578.7029],[6139657.677]",Bench,191
190,Totalstation,Bench,,18/12/2020,,,,,,"Point;[587603.8888],[6139588.758]",Bench,192
191,Totalstation,Bench,,18/12/2020,,,,,,"Point;[587525.0806],[6139560.727]",Bench,193
192,Totalstation,Greenery,Plants inside bars,18/12/2020,,,,,,"Point;[587634.2782],[6139593.205]",Greenery,194
193,Totalstation,Greenery,Plants inside bars,18/12/2020,,,,,,"Point;[587638.1678],[6139598.106]",Greenery,195
194,Totalstation,Greenery,Plants inside bars,18/12/2020,,,,,,"Point;[587643.4228],[6139601.629]",Greenery,196
195,Totalstation,Greenery,Plants inside bars,18/12/2020,,,,,,"Point;[587678.3848],[6139624.35]",Greenery,197
196,Totalstation,Greenery,Plants inside bars,18/12/2020,,,,,,"Point;[587604.9663],[6139611.895]",Greenery,198
197,Totalstation,Greenery,Plants inside bars,18/12/2020,,,,,,"Point;[587602.3795],[6139624.036]",Greenery,199
198,Totalstation,Greenery,Plants inside bars,18/12/2020,,,,,,"Point;[587593.9326],[6139638.426]",Greenery,200
199,Totalstation,Greenery,Plants inside bars,18/12/2020,,,,,,"Point;[587583.4778],[6139648.302]",Greenery,201
200,Totalstation,Greenery,Plants inside bars,18/12/2020,,,,,,"Point;[587581.7461],[6139651.029]",Greenery,202
201,Totalstation,Greenery,Plants inside bars,18/12/2020,,,,,,"Point;[587577.1354],[6139658.377]",Greenery,203
202,Totalstation,Manhole Cover,Various covers,18/12/2020,,,,,,"Point;[587585.7961],[6139572.154]",Manhole Cover,204
203,Totalstation,Manhole Cover,Various covers,18/12/2020,,,,,,"Point;[587577.4972],[6139569.418]",Manhole Cover,205
204,Totalstation,Manhole Cover,Various covers,18/12/2020,,,,,,"Point;[587570.1621],[6139566.969]",Manhole Cover,206
205,Totalstation,Manhole Cover,Various covers,18/12/2020,,,,,,"Point;[587528.4813],[6139552.263]",Manhole Cover,207
206,Totalstation,Manhole Cover,Various covers,18/12/2020,,,,,,"Point;[587536.6357],[6139552.686]",Manhole Cover,208
207,Totalstation,Manhole Cover,Various covers,18/12/2020,,,,,,"Point;[587551.3266],[6139558.027]",Manhole Cover,209
208,Totalstation,Manhole Cover,Various covers,18/12/2020,,,,,,"Point;[587585.6778],[6139569.031]",Manhole Cover,210
209,Totalstation,Manhole Cover,Various covers,18/12/2020,,,,,,"Point;[587596.8899],[6139575.748]",Manhole Cover,211
210,Totalstation,Manhole Cover,Various covers,18/12/2020,,,,,,"Point;[587604.5117],[6139573.91]",Manhole Cover,212
211,Totalstation,Manhole Cover,Various covers,18/12/2020,,,,,,"Point;[587604.9226],[6139573.864]",Manhole Cover,213
212,Totalstation,Manhole Cover,Various covers,18/12/2020,,,,,,"Point;[587616.7043],[6139577.336]",Manhole Cover,214
213,Totalstation,Manhole Cover,Various covers,18/12/2020,,,,,,"Point;[587624.5893],[6139578.691]",Manhole Cover,215
214,Totalstation,Manhole Cover,Various covers,18/12/2020,,,,,,"Point;[587635.0336],[6139571.399]",Manhole Cover,216
215,Totalstation,Manhole Cover,Various covers,18/12/2020,,,,,,"Point;[587634.7403],[6139583.68]",Manhole Cover,217
216,Totalstation,Manhole Cover,Various covers,18/12/2020,,,,,,"Point;[587639.8382],[6139596.2]",Manhole Cover,218
217,Totalstation,Manhole Cover,Various covers,18/12/2020,,,,,,"Point;[587645.8945],[6139601.423]",Manhole Cover,219
218,Totalstation,Manhole Cover,Various covers,18/12/2020,,,,,,"Point;[587659.9257],[6139610.671]",Manhole Cover,220
219,Totalstation,Manhole Cover,Various covers,18/12/2020,,,,,,"Point;[587663.2721],[6139614.208]",Manhole Cover,221
220,Totalstation,Manhole Cover,Various covers,18/12/2020,,,,,,"Point;[587669.4244],[6139616.923]",Manhole Cover,222
221,Totalstation,Manhole Cover,Various covers,18/12/2020,,,,,,"Point;[587678.8883],[6139623.302]",Manhole Cover,223
222,Totalstation,Manhole Cover,Various covers,18/12/2020,,,,,,"Point;[587687.9758],[6139628.766]",Manhole Cover,224
223,Totalstation,Manhole Cover,Various covers,18/12/2020,,,,,,"Point;[587697.6149],[6139634.61]",Manhole Cover,225
224,Totalstation,Manhole Cover,Various covers,18/12/2020,,,,,,"Point;[587692.4674],[6139641.466]",Manhole Cover,226
225,Totalstation,Manhole Cover,Various covers,18/12/2020,,,,,,"Point;[587684.6921],[6139636.024]",Manhole Cover,227
226,Totalstation,Manhole Cover,Various covers,18/12/2020,,,,,,"Point;[587674.607],[6139630.738]",Manhole Cover,228
227,Totalstation,Manhole Cover,Various covers,18/12/2020,,,,,,"Point;[587667.016],[6139624.166]",Manhole Cover,229
228,Totalstation,Manhole Cover,Various covers,18/12/2020,,,,,,"Point;[587662.6098],[6139623.325]",Manhole Cover,230
229,Totalstation,Manhole Cover,Various covers,18/12/2020,,,,,,"Point;[587646.8428],[6139610.672]",Manhole Cover,231
230,Totalstation,Manhole Cover,Various covers,18/12/2020,,,,,,"Point;[587645.7934],[6139609.596]",Manhole Cover,232
231,Totalstation,Manhole Cover,Various covers,18/12/2020,,,,,,"Point;[587626.8632],[6139601.674]",Manhole Cover,233
232,Totalstation,Manhole Cover,Various covers,18/12/2020,,,,,,"Point;[587622.2813],[6139599.274]",Manhole Cover,234
233,Totalstation,Manhole Cover,Various covers,18/12/2020,,,,,,"Point;[587589.8612],[6139651.871]",Manhole Cover,235
234,Totalstation,Manhole Cover,Various covers,18/12/2020,,,,,,"Point;[587568.7329],[6139688.332]",Manhole Cover,236
235,Totalstation,Manhole Cover,Various covers,18/12/2020,,,,,,"Point;[587571.7659],[6139662.277]",Manhole Cover,237
236,Totalstation,Manhole Cover,Various covers,18/12/2020,,,,,,"Point;[587576.3938],[6139657.758]",Manhole Cover,238
237,Totalstation,Manhole Cover,Various covers,18/12/2020,,,,,,"Point;[587581.0585],[6139646.188]",Manhole Cover,239
238,Totalstation,Manhole Cover,Various covers,18/12/2020,,,,,,"Point;[587581.1999],[6139645.582]",Manhole Cover,240
239,Totalstation,Manhole Cover,Various covers,18/12/2020,,,,,,"Point;[587590.2235],[6139630.233]",Manhole Cover,241
240,Totalstation,Tree,,18/12/2020,,,1034116650,,,"Point;[587537.8058],[6139622.776]",Tree,242
241,Totalstation,Tree,,18/12/2020,,,1034116651,,,"Point;[587529.3376],[6139617.85]",Tree,243
242,Totalstation,Tree,,18/12/2020,,,1034116653,,,"Point;[587520.4013],[6139632.385]",Tree,244
243,Totalstation,Tree,,18/12/2020,,,1034116652,,,"Point;[587529.0578],[6139637.472]",Tree,245
244,Totalstation,Tree,,18/12/2020,,,1034116666,,,"Point;[587536.7094],[6139647.531]",Tree,246
245,Totalstation,Tree,,18/12/2020,,,1034116667,,,"Point;[587538.9198],[6139643.666]",Tree,247
246,Totalstation,Tree,,18/12/2020,,,,,,"Point;[587548.5133],[6139627.59]",Tree,248
247,Totalstation,Manhole Cover,Large,18/12/2020,,,,,,"Point;[587539.3254],[6139637.157]",Manhole Cover,249
248,Totalstation,Manhole Cover,Large,18/12/2020,,,,,,"Point;[587555.5142],[6139611.313]",Manhole Cover,250
249,Totalstation,Manhole Cover,Large,18/12/2020,,,,,,"Point;[587579.3319],[6139616.884]",Manhole Cover,251
250,Totalstation,Manhole Cover,Large,18/12/2020,,,,,,"Point;[587581.005],[6139611.737]",Manhole Cover,252
251,Totalstation,Manhole Cover,Large,18/12/2020,,,1034132063,,,"Point;[587550.3565],[6139620.084]",Manhole Cover,253
252,Totalstation,Downspout Grille,,18/12/2020,,,1034131985,,,"Point;[587559.3715],[6139609.916]",Downspout Grille,254
253,Totalstation,Downspout Grille,,18/12/2020,,,1034131987,,,"Point;[587568.0242],[6139612.667]",Downspout Grille,255
254,Totalstation,Manhole Cover,Large,18/12/2020,,,,,,"Point;[587574.2465],[6139624.114]",Manhole Cover,256
255,Totalstation,Downspout Grille,,18/12/2020,,,,,,"Point;[587545.9769],[6139606.636]",Downspout Grille,257
256,Totalstation,Downspout Grille,,18/12/2020,,,,,,"Point;[587539.5097],[6139604.728]",Downspout Grille,258
257,Totalstation,Downspout Grille,,18/12/2020,,,,,,"Point;[587533.5669],[6139602.567]",Downspout Grille,259
258,Totalstation,Downspout Grille,,18/12/2020,,,,,,"Point;[587523.0219],[6139613.197]",Downspout Grille,260
259,Totalstation,Downspout Grille,,18/12/2020,,,,,,"Point;[587514.3788],[6139628.003]",Downspout Grille,261
260,Totalstation,Downspout Grille,,18/12/2020,,,,,,"Point;[587535.9958],[6139647.406]",Downspout Grille,262
261,Totalstation,Downspout Grille,,18/12/2020,,,1034131924,,,"Point;[587543.8189],[6139655.608]",Downspout Grille,263
262,Totalstation,Downspout Grille,,18/12/2020,,,1034131925,,,"Point;[587550.3642],[6139643.83]",Downspout Grille,264
263,Totalstation,Trash Can,,18/12/2020,,,,,,"Point;[587548.5104],[6139604.952]",Trash Can,265
264,Totalstation,Statue,,18/12/2020,,,,,,"Point;[587577.8086],[6139614.573]",Statue,266
265,Totalstation,Manhole Cover,Various covers,18/12/2020,,,,,,"Point;[587579.3178],[6139621.41]",Manhole Cover,267
266,Totalstation,Manhole Cover,Various covers,18/12/2020,,,,,,"Point;[587579.2462],[6139622.205]",Manhole Cover,268
267,Totalstation,Manhole Cover,Various covers,18/12/2020,,,,,,"Point;[587576.7876],[6139626.446]",Manhole Cover,269
268,Totalstation,Manhole Cover,Various covers,18/12/2020,,,,,,"Point;[587544.1889],[6139653.734]",Manhole Cover,270
269,Totalstation,Manhole Cover,Various covers,18/12/2020,,,,,,"Point;[587513.7843],[6139624.478]",Manhole Cover,271
270,Totalstation,Downspout Grille,,23/01/2020,,,,,,"Point;[587613.674],[6139574.295]",Downspout Grille,272
271,Totalstation,Downspout Grille,,23/01/2020,,,,,,"Point;[587610.077],[6139573.266]",Downspout Grille,273
272,Totalstation,Downspout Grille,,23/01/2020,,,,,,"Point;[587609.65],[6139576.362]",Downspout Grille,274
273,Totalstation,Downspout Grille,,23/01/2020,,,,,,"Point;[587609.623],[6139582.154]",Downspout Grille,275
274,Totalstation,Downspout Grille,,23/01/2020,,,,,,"Point;[587607.477],[6139588.059]",Downspout Grille,276
275,Totalstation,Downspout Grille,,23/01/2020,,,,,,"Point;[587598.194],[6139587.287]",Downspout Grille,277
276,Totalstation,Downspout Grille,,23/01/2020,,,,,,"Point;[587608.391],[6139593.067]",Downspout Grille,278
277,Totalstation,Downspout Grille,,23/01/2020,,,,,,"Point;[587609.368],[6139595.907]",Downspout Grille,279
278,Totalstation,Downspout Grille,,23/01/2020,,,,,,"Point;[587585.346],[6139583.459]",Downspout Grille,280
279,Totalstation,Downspout Grille,,23/01/2020,,,,,,"Point;[587616.786],[6139590.829]",Downspout Grille,281
